"profileId","title","url"
"5fdfeaaa-c9aa-40fe-8d8a-d0f3abbf4ceb","Blog - Supabase","https://supabase.com"
"5fdfeaaa-c9aa-40fe-8d8a-d0f3abbf4ceb","Postgres Auditing in 150 lines of SQL","https://supabase.com/blog/2022/03/08/audit"
"5fdfeaaa-c9aa-40fe-8d8a-d0f3abbf4ceb","Supabase Beta January 2022","https://supabase.com/blog/2022/02/22/supabase-beta-january-2022"
"5fdfeaaa-c9aa-40fe-8d8a-d0f3abbf4ceb","Supabase Beta December 2021","https://supabase.com/blog/2022/01/20/supabase-beta-december-2021"
"5fdfeaaa-c9aa-40fe-8d8a-d0f3abbf4ceb","Golden Kitty Awards Ceremony Watch Party with Supabase","https://supabase.com/blog/2022/01/20/product-hunt-golden-kitty-awards-2021"
"5fdfeaaa-c9aa-40fe-8d8a-d0f3abbf4ceb","Holiday Hackdays Winners 2021","https://supabase.com/blog/2021/12/17/holiday-hackdays-winners-2021"
"5fdfeaaa-c9aa-40fe-8d8a-d0f3abbf4ceb","Supabase Beta November 2021: Launch Week Recap","https://supabase.com/blog/2021/12/15/beta-november-2021-launch-week-recap"
"5fdfeaaa-c9aa-40fe-8d8a-d0f3abbf4ceb","Kicking off the Holiday Hackdays","https://supabase.com/blog/2021/12/03/supabase-holiday-hackdays-hackathon"
"5fdfeaaa-c9aa-40fe-8d8a-d0f3abbf4ceb","pg_graphql: A GraphQL extension for PostgreSQL","https://supabase.com/blog/2021/12/03/pg-graphql"
"5fdfeaaa-c9aa-40fe-8d8a-d0f3abbf4ceb","Five more things","https://supabase.com/blog/2021/12/03/launch-week-three-friday-five-more-things"
"5fdfeaaa-c9aa-40fe-8d8a-d0f3abbf4ceb","Supabase acquires Logflare","https://supabase.com/blog/2021/12/02/supabase-acquires-logflare"
"5fdfeaaa-c9aa-40fe-8d8a-d0f3abbf4ceb","Realtime Postgres RLS now available on Supabase","https://supabase.com/blog/2021/12/01/realtime-row-level-security-in-postgresql"
"5fdfeaaa-c9aa-40fe-8d8a-d0f3abbf4ceb","Supabase Studio","https://supabase.com/blog/2021/11/30/supabase-studio"
"5fdfeaaa-c9aa-40fe-8d8a-d0f3abbf4ceb","Community Day","https://supabase.com/blog/2021/11/29/community-day"
"5fdfeaaa-c9aa-40fe-8d8a-d0f3abbf4ceb","New in PostgreSQL 14: What every developer should know","https://supabase.com/blog/2021/11/28/whats-new-in-postgres-14"
"5fdfeaaa-c9aa-40fe-8d8a-d0f3abbf4ceb","PostgREST 9","https://supabase.com/blog/2021/11/28/postgrest-9"
"5fdfeaaa-c9aa-40fe-8d8a-d0f3abbf4ceb","Supabase Launch Week III: Holiday Special","https://supabase.com/blog/2021/11/26/supabase-launch-week-the-trilogy"
"5fdfeaaa-c9aa-40fe-8d8a-d0f3abbf4ceb","How we launch at Supabase","https://supabase.com/blog/2021/11/26/supabase-how-we-launch"
"5fdfeaaa-c9aa-40fe-8d8a-d0f3abbf4ceb","Supabase Beta October 2021","https://supabase.com/blog/2021/11/05/supabase-beta-october-2021"
"5fdfeaaa-c9aa-40fe-8d8a-d0f3abbf4ceb","Supabase $30m Series A","https://supabase.com/blog/2021/10/28/supabase-series-a"
"5fdfeaaa-c9aa-40fe-8d8a-d0f3abbf4ceb","Replenysh uses Supabase to implement OTP in less than 24-hours","https://supabase.com/blog/2021/10/19/replenysh-time-to-value-in-less-than-24-hours"
"5fdfeaaa-c9aa-40fe-8d8a-d0f3abbf4ceb","Hacktoberfest Hackathon Winners 2021","https://supabase.com/blog/2021/10/14/hacktoberfest-hackathon-winners-2021"
"5fdfeaaa-c9aa-40fe-8d8a-d0f3abbf4ceb","Supabase Beta Sept 2021","https://supabase.com/blog/2021/10/04/supabase-beta-sept-2021"
"5fdfeaaa-c9aa-40fe-8d8a-d0f3abbf4ceb","Supabase Hacktoberfest Hackathon 2021","https://supabase.com/blog/2021/09/28/supabase-hacktoberfest-hackathon-2021"
"5fdfeaaa-c9aa-40fe-8d8a-d0f3abbf4ceb","Supabase Beta August 2021","https://supabase.com/blog/2021/09/10/supabase-beta-august-2021"
"5fdfeaaa-c9aa-40fe-8d8a-d0f3abbf4ceb","Supabase Beta July 2021","https://supabase.com/blog/2021/08/12/supabase-beta-july-2021"
"5fdfeaaa-c9aa-40fe-8d8a-d0f3abbf4ceb","Open Source Hackathon Winners","https://supabase.com/blog/2021/08/09/hackathon-winners"
"5fdfeaaa-c9aa-40fe-8d8a-d0f3abbf4ceb","Supabase Swag Store","https://supabase.com/blog/2021/07/30/supabase-swag-store"
"5fdfeaaa-c9aa-40fe-8d8a-d0f3abbf4ceb","Updates for Supabase Functions","https://supabase.com/blog/2021/07/30/supabase-functions-updates"
"5fdfeaaa-c9aa-40fe-8d8a-d0f3abbf4ceb","The Supabase Hackathon","https://supabase.com/blog/2021/07/30/1-the-supabase-hackathon"
"5fdfeaaa-c9aa-40fe-8d8a-d0f3abbf4ceb","Supabase Reports and Metrics","https://supabase.com/blog/2021/07/29/supabase-reports-and-metrics"
"5fdfeaaa-c9aa-40fe-8d8a-d0f3abbf4ceb","Supabase Auth v2: Phone Auth now available","https://supabase.com/blog/2021/07/28/supabase-auth-passwordless-sms-login"
"5fdfeaaa-c9aa-40fe-8d8a-d0f3abbf4ceb","Mobbin uses Supabase to authenticate 200,000 users","https://supabase.com/blog/2021/07/28/mobbin-supabase-200000-users"
"5fdfeaaa-c9aa-40fe-8d8a-d0f3abbf4ceb","Supabase Storage now in Beta","https://supabase.com/blog/2021/07/27/storage-beta"
"5fdfeaaa-c9aa-40fe-8d8a-d0f3abbf4ceb","Spot: a video sharing app built with Flutter","https://supabase.com/blog/2021/07/27/spot-flutter-with-postgres"
"5fdfeaaa-c9aa-40fe-8d8a-d0f3abbf4ceb","Supabase is now on Postgres 13.3","https://supabase.com/blog/2021/07/26/supabase-postgres-13"
"5fdfeaaa-c9aa-40fe-8d8a-d0f3abbf4ceb","Supabase Community Day","https://supabase.com/blog/2021/07/26/supabase-community-day"
"5fdfeaaa-c9aa-40fe-8d8a-d0f3abbf4ceb","Epsilon3 Self-Host Supabase To Revolutionize Space Operations ","https://supabase.com/blog/2021/07/26/epsilon3-self-hosting"
"5fdfeaaa-c9aa-40fe-8d8a-d0f3abbf4ceb","Supabase Launch Week II: The SQL","https://supabase.com/blog/2021/07/22/supabase-launch-week-sql"
"5fdfeaaa-c9aa-40fe-8d8a-d0f3abbf4ceb","Protecting reserved roles with PostgreSQL Hooks","https://supabase.com/blog/2021/07/01/roles-postgres-hooks"
"5fdfeaaa-c9aa-40fe-8d8a-d0f3abbf4ceb","Supabase Beta June 2021","https://supabase.com/blog/2021/07/02/supabase-beta-june-2021"
"5fdfeaaa-c9aa-40fe-8d8a-d0f3abbf4ceb","Supabase Beta May 2021","https://supabase.com/blog/2021/06/02/supabase-beta-may-2021"
"5fdfeaaa-c9aa-40fe-8d8a-d0f3abbf4ceb","Supabase Beta April 2021","https://supabase.com/blog/2021/05/03/supabase-beta-april-2021"
"5fdfeaaa-c9aa-40fe-8d8a-d0f3abbf4ceb","Supabase Beta March 2021","https://supabase.com/blog/2021/04/06/supabase-beta-march-2021"
"5fdfeaaa-c9aa-40fe-8d8a-d0f3abbf4ceb","Workflows are coming to Supabase","https://supabase.com/blog/2021/04/02/supabase-workflows"
"5fdfeaaa-c9aa-40fe-8d8a-d0f3abbf4ceb","PgBouncer is now available in Supabase","https://supabase.com/blog/2021/04/02/supabase-pgbouncer"
"5fdfeaaa-c9aa-40fe-8d8a-d0f3abbf4ceb","Supabase Dot Com","https://supabase.com/blog/2021/04/02/supabase-dot-com"
"5fdfeaaa-c9aa-40fe-8d8a-d0f3abbf4ceb","Supabase Launches NFT Marketplace","https://supabase.com/blog/2021/04/01/supabase-nft-marketplace"
"5fdfeaaa-c9aa-40fe-8d8a-d0f3abbf4ceb","Supabase CLI","https://supabase.com/blog/2021/03/31/supabase-cli"
"5fdfeaaa-c9aa-40fe-8d8a-d0f3abbf4ceb","Storage is now available in Supabase","https://supabase.com/blog/2021/03/30/supabase-storage"
"5fdfeaaa-c9aa-40fe-8d8a-d0f3abbf4ceb","Supabase Beta Pricing","https://supabase.com/blog/2021/03/29/pricing"
"5fdfeaaa-c9aa-40fe-8d8a-d0f3abbf4ceb","Launch week","https://supabase.com/blog/2021/03/25/launch-week"
"5fdfeaaa-c9aa-40fe-8d8a-d0f3abbf4ceb","Angels of Supabase","https://supabase.com/blog/2021/03/25/angels-of-supabase"
"5fdfeaaa-c9aa-40fe-8d8a-d0f3abbf4ceb","Developers stay up to date with intheloop.dev","https://supabase.com/blog/2021/03/22/In-The-Loop"
"5fdfeaaa-c9aa-40fe-8d8a-d0f3abbf4ceb","Using Supabase in Replit","https://supabase.com/blog/2021/03/11/using-supabase-replit"
"5fdfeaaa-c9aa-40fe-8d8a-d0f3abbf4ceb","Toad, a link shortener with simple APIs for low-coders","https://supabase.com/blog/2021/03/08/toad-a-link-shortener-with-simple-apis-for-low-coders"
"5fdfeaaa-c9aa-40fe-8d8a-d0f3abbf4ceb","Postgres as a CRON Server","https://supabase.com/blog/2021/03/05/postgres-as-a-cron-server"
"5fdfeaaa-c9aa-40fe-8d8a-d0f3abbf4ceb","Supabase Beta February 2021","https://supabase.com/blog/2021/03/02/supabase-beta-february-2021"
"5fdfeaaa-c9aa-40fe-8d8a-d0f3abbf4ceb","Cracking PostgreSQL Interview Questions","https://supabase.com/blog/2021/02/27/cracking-postgres-interview"
"5fdfeaaa-c9aa-40fe-8d8a-d0f3abbf4ceb","Roboflow.com choose Supabase to power Paint.wtf leaderboard","https://supabase.com/blog/2021/02/09/case-study-roboflow"
"5fdfeaaa-c9aa-40fe-8d8a-d0f3abbf4ceb","Supabase Beta January 2021","https://supabase.com/blog/2021/02/02/supabase-beta-january-2021"
"5fdfeaaa-c9aa-40fe-8d8a-d0f3abbf4ceb","Supabase Beta December 2020","https://supabase.com/blog/2021/01/02/supabase-beta-december-2020"
"5fdfeaaa-c9aa-40fe-8d8a-d0f3abbf4ceb","Making the Supabase Dashboard Supa-fast","https://supabase.com/blog/2020/12/13/supabase-dashboard-performance"
"5fdfeaaa-c9aa-40fe-8d8a-d0f3abbf4ceb","Supabase Partners With Strive School To Help Teach Open Source","https://supabase.com/blog/2020/12/02/supabase-striveschool"
"5fdfeaaa-c9aa-40fe-8d8a-d0f3abbf4ceb","Xendit Built a Counter-Fraud Watchlist for the Fintech Industry","https://supabase.com/blog/2020/12/02/case-study-xendit"
"5fdfeaaa-c9aa-40fe-8d8a-d0f3abbf4ceb","TAYFA Built a No-Code Website Builder in Seven Days","https://supabase.com/blog/2020/12/02/case-study-tayfa"
"5fdfeaaa-c9aa-40fe-8d8a-d0f3abbf4ceb","Monitoro Built a Web Crawler Handling Millions of API Requests","https://supabase.com/blog/2020/12/02/case-study-monitoro"
"5fdfeaaa-c9aa-40fe-8d8a-d0f3abbf4ceb","Supabase Alpha November 2020","https://supabase.com/blog/2020/12/01/supabase-alpha-november-2020"
"5fdfeaaa-c9aa-40fe-8d8a-d0f3abbf4ceb","Postgres Views","https://supabase.com/blog/2020/11/18/postgresql-views"
"5fdfeaaa-c9aa-40fe-8d8a-d0f3abbf4ceb","Supabase Alpha October 2020","https://supabase.com/blog/2020/11/02/supabase-alpha-october-2020"
"5fdfeaaa-c9aa-40fe-8d8a-d0f3abbf4ceb","Supabase.js 1.0","https://supabase.com/blog/2020/10/30/improved-dx"
"5fdfeaaa-c9aa-40fe-8d8a-d0f3abbf4ceb","Supabase Alpha September 2020","https://supabase.com/blog/2020/10/03/supabase-alpha-september-2020"
"5fdfeaaa-c9aa-40fe-8d8a-d0f3abbf4ceb","Supabase Hacktoberfest 2020","https://supabase.com/blog/2020/09/11/supabase-hacktoberfest-2020"
"5fdfeaaa-c9aa-40fe-8d8a-d0f3abbf4ceb","Supabase Alpha August 2020","https://supabase.com/blog/2020/09/03/supabase-alpha-august-2020"
"5fdfeaaa-c9aa-40fe-8d8a-d0f3abbf4ceb","Supabase Auth","https://supabase.com/blog/2020/08/05/supabase-auth"
"5fdfeaaa-c9aa-40fe-8d8a-d0f3abbf4ceb","Supabase Alpha July 2020","https://supabase.com/blog/2020/08/02/supabase-alpha-july-2020"
"5fdfeaaa-c9aa-40fe-8d8a-d0f3abbf4ceb","Continuous PostgreSQL Backups using WAL-G","https://supabase.com/blog/2020/08/02/continuous-postgresql-backup-walg"
"5fdfeaaa-c9aa-40fe-8d8a-d0f3abbf4ceb","Alpha Launch Postmortem","https://supabase.com/blog/2020/07/10/alpha-launch-postmortem"
"5fdfeaaa-c9aa-40fe-8d8a-d0f3abbf4ceb","What are PostgreSQL Templates?","https://supabase.com/blog/2020/07/09/postgresql-templates"
"5fdfeaaa-c9aa-40fe-8d8a-d0f3abbf4ceb","Physical vs Logical Backups in PostgreSQL","https://supabase.com/blog/2020/07/17/postgresql-physical-logical-backups"
"5fdfeaaa-c9aa-40fe-8d8a-d0f3abbf4ceb","Supabase Alpha June 2020","https://supabase.com/blog/2020/07/01/supabase-alpha-june-2020"
"5fdfeaaa-c9aa-40fe-8d8a-d0f3abbf4ceb","Steve Chavez has joined Supabase","https://supabase.com/blog/2020/06/15/supabase-steve-chavez"
"5fdfeaaa-c9aa-40fe-8d8a-d0f3abbf4ceb","Supabase Alpha May 2020","https://supabase.com/blog/2020/06/01/supabase-alpha-may-2020"
"5fdfeaaa-c9aa-40fe-8d8a-d0f3abbf4ceb","Supabase Alpha April 2020","https://supabase.com/blog/2020/05/01/supabase-alpha-april-2020"
